{
  "title": "Morphogenic architecture second-generation challenge results",
  "experiments": [
    {
      "name": "high_dimensional_scalability",
      "challenge": "adaptive_metric_and_indexing",
      "dimensions": 1024,
      "informative_dimensions": 18,
      "baseline_accuracy": 0.24923076923076923,
      "adaptive_indexed_accuracy": 0.963076923076923,
      "baseline_cells": 897,
      "adaptive_cells": 99,
      "baseline_train_seconds": 8.589128699997673,
      "adaptive_train_seconds": 3.738206199996057,
      "baseline_predict_seconds": 9.91358510000282,
      "adaptive_predict_seconds": 0.07910640000773128,
      "baseline_avg_candidates": 897.0,
      "adaptive_avg_candidates": 7.921538461538462,
      "relevant_feature_recall_in_top_weights": 1.0,
      "adaptive_summary": {
        "cells": 99,
        "avg_cell_radius": 1.4918859631159478,
        "avg_importance": 1.2397180450678822,
        "distance_calls": 5149,
        "queries": 650,
        "avg_candidates": 7.921538461538462,
        "index_misses": 0,
        "top_weighted_features": [
          87,
          525,
          437,
          443,
          749,
          776,
          89,
          535,
          780,
          131,
          868,
          732,
          803,
          95,
          993,
          204,
          707,
          660,
          678,
          169
        ]
      }
    },
    {
      "name": "growth_control",
      "challenge": "information_based_merge_and_prune",
      "naive_accuracy": 0.9986363636363637,
      "controlled_accuracy": 0.9986363636363637,
      "naive_cells": 476,
      "controlled_cells": 122,
      "cell_reduction_factor": 3.901639344262295,
      "naive_train_seconds": 1.389934999999241,
      "controlled_train_seconds": 0.9020629000006011,
      "controlled_summary": {
        "cells": 122,
        "avg_cell_radius": 0.8912374711672368,
        "avg_importance": 3.3754266537523256,
        "distance_calls": 1234331,
        "queries": 7399,
        "avg_candidates": 166.8240302743614,
        "index_misses": 0,
        "top_weighted_features": [
          56,
          34,
          63,
          31,
          46,
          54,
          71,
          61,
          49,
          51,
          26,
          32,
          52,
          55,
          68,
          62,
          18,
          60,
          59,
          67
        ]
      }
    },
    {
      "name": "sequences_and_reasoning",
      "challenge": "temporal_memory_and_composition_rules",
      "task": "same symbol bag; classify whether A appears before B",
      "bag_of_vectors_accuracy": 0.47555555555555556,
      "temporal_composition_accuracy": 1.0,
      "bag_cells": 804,
      "temporal_cells": 2,
      "temporal_feature_dimensions": 132,
      "temporal_summary": {
        "cells": 2,
        "avg_cell_radius": 0.037079697758447674,
        "avg_importance": 18.769272623639317,
        "distance_calls": 4995,
        "queries": 2499,
        "avg_candidates": 1.9987995198079231,
        "index_misses": 0,
        "top_weighted_features": [
          97,
          102,
          66,
          61,
          19,
          18,
          7,
          6,
          101,
          126,
          120,
          100,
          105,
          115,
          127,
          107,
          108,
          98,
          71,
          91
        ]
      }
    },
    {
      "name": "global_hybrid_learning",
      "challenge": "local_cells_plus_occasional_global_ridge_head",
      "local_accuracy": 0.7967667436489607,
      "hybrid_accuracy": 0.9022324865280985,
      "accuracy_gain": 0.10546574287913779,
      "cells": 86,
      "local_train_seconds": 0.08026600000448525,
      "global_head_train_seconds": 0.005125600000610575,
      "local_summary": {
        "cells": 86,
        "avg_cell_radius": 0.7846129118595676,
        "avg_importance": 1.0775944660789047,
        "distance_calls": 286886,
        "queries": 3317,
        "avg_candidates": 86.48959903527283,
        "index_misses": 0,
        "top_weighted_features": []
      }
    }
  ]
}