{
  "dataset_shape": [
    20,
    10000,
    64,
    64
  ],
  "train_sequences": 80,
  "test_sequences": 10,
  "selector_stats": {
    "1": {
      "positive_rate": 0.55,
      "n": 80
    },
    "5": {
      "positive_rate": 0.45,
      "n": 80
    },
    "10": {
      "positive_rate": 0.4375,
      "n": 80
    },
    "17": {
      "positive_rate": 0.425,
      "n": 80
    }
  },
  "metrics": {
    "1": {
      "simple": 0.6158701683517714,
      "token": 0.6081320798581493,
      "max": 0.6369775484841502,
      "selected": 0.6190636546861799,
      "oracle": 0.672145098603314,
      "center_error_px": 1.4781407415866852,
      "token_selected_rate": 0.7
    },
    "5": {
      "simple": 0.26348975739959457,
      "token": 0.2757529746188946,
      "max": 0.3074301813739301,
      "selected": 0.255229768806842,
      "oracle": 0.3354830843905937,
      "center_error_px": 7.029430222511292,
      "token_selected_rate": 0.4
    },
    "10": {
      "simple": 0.22162055932105726,
      "token": 0.20165871240709698,
      "max": 0.23917759076950346,
      "selected": 0.25989982094586983,
      "oracle": 0.2890466078562427,
      "center_error_px": 13.344768261909485,
      "token_selected_rate": 0.5
    },
    "17": {
      "simple": 0.20172570648186977,
      "token": 0.1700072914011931,
      "max": 0.19585323324753484,
      "selected": 0.19375092653390094,
      "oracle": 0.23812611330308867,
      "center_error_px": 17.47472002506256,
      "token_selected_rate": 0.4
    }
  },
  "elapsed_seconds": 28.169430000009015
}