{
  "dataset_shape": [
    20,
    10000,
    64,
    64
  ],
  "train_sequences": 220,
  "test_sequences": 20,
  "selector_stats": {
    "1": {
      "positive_rate": 0.5136363636363637,
      "n": 220
    },
    "5": {
      "positive_rate": 0.4318181818181818,
      "n": 220
    },
    "10": {
      "positive_rate": 0.42727272727272725,
      "n": 220
    },
    "17": {
      "positive_rate": 0.4,
      "n": 220
    }
  },
  "metrics": {
    "1": {
      "simple": 0.5975707354941511,
      "token": 0.5988762473837598,
      "max": 0.6200719486319308,
      "selected": 0.6020260734721955,
      "oracle": 0.664537976997041,
      "center_error_px": 1.411794251203537,
      "token_selected_rate": 0.5
    },
    "5": {
      "simple": 0.2778806411995483,
      "token": 0.2561642681136952,
      "max": 0.3053033514132308,
      "selected": 0.25127258150247733,
      "oracle": 0.33267887111654837,
      "center_error_px": 6.435282047092914,
      "token_selected_rate": 0.55
    },
    "10": {
      "simple": 0.2167800467049527,
      "token": 0.16882572487008968,
      "max": 0.22225893032665875,
      "selected": 0.22378865760346894,
      "oracle": 0.25507779012955334,
      "center_error_px": 12.810908484458924,
      "token_selected_rate": 0.55
    },
    "17": {
      "simple": 0.1981334888690264,
      "token": 0.15456817008959273,
      "max": 0.19087237653422603,
      "selected": 0.19564989588674386,
      "oracle": 0.24210005861569836,
      "center_error_px": 14.598121014237403,
      "token_selected_rate": 0.4
    }
  },
  "elapsed_seconds": 105.28527999999642
}