{
  "dataset_shape": [
    20,
    10000,
    64,
    64
  ],
  "train_sequences": 220,
  "test_sequences": 20,
  "epochs": 4,
  "batch_size": 64,
  "channels": 64,
  "device": "cpu",
  "train_examples": 8580,
  "losses": [
    0.2403444563900983,
    0.2174713365457676,
    0.21271217123225883,
    0.20987065864933863
  ],
  "metrics": {
    "1": {
      "simvp": 0.5826266898572414,
      "last_frame": 0.28376648256396825
    },
    "5": {
      "simvp": 0.177709228986267,
      "last_frame": 0.07343041058813814
    },
    "10": {
      "simvp": 0.039582868470123864,
      "last_frame": 0.06324439189813905
    },
    "17": {
      "simvp": 0.04659143318680671,
      "last_frame": 0.04991251220830201
    }
  },
  "elapsed_seconds": 2203.3532969000225
}