{
  "dataset_shape": [
    20,
    10000,
    64,
    64
  ],
  "train_sequences": 120,
  "test_sequences": 20,
  "epochs": 2,
  "batch_size": 64,
  "channels": 24,
  "max_examples": 1200,
  "device": "cpu",
  "train_examples": 1200,
  "losses": [
    0.40604505884019954,
    0.27364207412067215
  ],
  "metrics": {
    "1": {
      "simvp": 0.44599798216588293,
      "last_frame": 0.28376648256396825
    },
    "5": {
      "simvp": 0.09192763193299244,
      "last_frame": 0.07343041058813814
    },
    "10": {
      "simvp": 0.06451982657992109,
      "last_frame": 0.06324439189813905
    },
    "17": {
      "simvp": 0.013504993952334236,
      "last_frame": 0.04991251220830201
    }
  },
  "elapsed_seconds": 160.70554480000283
}