{
  "dataset_shape": [
    20,
    10000,
    64,
    64
  ],
  "train_sequences": 40,
  "test_sequences": 6,
  "fit_sequences": 33,
  "calibration_sequences": 7,
  "candidate_names_by_horizon": {
    "1": [
      "simple",
      "token",
      "max_beta_0.50",
      "blend_beta_0.50",
      "max_beta_0.75",
      "blend_beta_0.75",
      "max_beta_1.00"
    ],
    "5": [
      "simple",
      "token",
      "max_beta_0.50",
      "blend_beta_0.50",
      "max_beta_0.75",
      "blend_beta_0.75",
      "max_beta_1.00"
    ],
    "10": [
      "simple",
      "token",
      "max_beta_0.50",
      "blend_beta_0.50",
      "max_beta_0.75",
      "blend_beta_0.75",
      "max_beta_1.00"
    ],
    "17": [
      "simple",
      "token",
      "max_beta_0.50",
      "blend_beta_0.50",
      "max_beta_0.75",
      "blend_beta_0.75",
      "max_beta_1.00"
    ]
  },
  "pixel_counts": {
    "1": 6336,
    "5": 6336,
    "10": 6336,
    "17": 6336
  },
  "train_stats": {
    "1": {
      "n": 6336,
      "positive_rate": 0.5
    },
    "5": {
      "n": 6336,
      "positive_rate": 0.5
    },
    "10": {
      "n": 6336,
      "positive_rate": 0.5
    },
    "17": {
      "n": 6336,
      "positive_rate": 0.5
    }
  },
  "thresholds": {
    "1": 0.6200000047683716,
    "5": 0.3199999928474426,
    "10": 0.3700000047683716,
    "17": 0.3199999928474426
  },
  "actual_mask_threshold": 0.18,
  "calibration": {
    "1": {
      "threshold": 0.6200000047683716,
      "calibration_iou": 0.31794392641322483,
      "grid": {
        "0.11999999731779099": 0.2605974737264213,
        "0.17000000178813934": 0.27836489263361347,
        "0.2199999988079071": 0.2906475042861126,
        "0.27000001072883606": 0.2908470572197637,
        "0.3199999928474426": 0.28915906068377323,
        "0.3700000047683716": 0.2911886773591328,
        "0.41999998688697815": 0.29870003244758436,
        "0.4699999988079071": 0.3045951286730585,
        "0.5199999809265137": 0.30801581260398475,
        "0.5699999928474426": 0.31519418908999736,
        "0.6200000047683716": 0.31794392641322483,
        "0.6700000166893005": 0.3150371717408498,
        "0.7200000286102295": 0.3158082632190155
      }
    },
    "5": {
      "threshold": 0.3199999928474426,
      "calibration_iou": 0.24400197822305483,
      "grid": {
        "0.11999999731779099": 0.21536162602581457,
        "0.17000000178813934": 0.22729562899849928,
        "0.2199999988079071": 0.2339748536665108,
        "0.27000001072883606": 0.24050785617664702,
        "0.3199999928474426": 0.24400197822305483,
        "0.3700000047683716": 0.24019128248385618,
        "0.41999998688697815": 0.22770396845430532,
        "0.4699999988079071": 0.22065819618600432,
        "0.5199999809265137": 0.21875910231874948,
        "0.5699999928474426": 0.21405026767013904,
        "0.6200000047683716": 0.21156768229104497,
        "0.6700000166893005": 0.19864459951925165,
        "0.7200000286102295": 0.17724692255365007
      }
    },
    "10": {
      "threshold": 0.3700000047683716,
      "calibration_iou": 0.2075233788642483,
      "grid": {
        "0.11999999731779099": 0.18623850019834085,
        "0.17000000178813934": 0.19794997936014297,
        "0.2199999988079071": 0.2044698861276613,
        "0.27000001072883606": 0.20572223508048726,
        "0.3199999928474426": 0.20689217748853697,
        "0.3700000047683716": 0.2075233788642483,
        "0.41999998688697815": 0.20496540178464517,
        "0.4699999988079071": 0.20291829782914697,
        "0.5199999809265137": 0.1964120585597031,
        "0.5699999928474426": 0.18384229046729944,
        "0.6200000047683716": 0.17002183478462468,
        "0.6700000166893005": 0.1486836009611751,
        "0.7200000286102295": 0.12664038360773636
      }
    },
    "17": {
      "threshold": 0.3199999928474426,
      "calibration_iou": 0.17320840292549347,
      "grid": {
        "0.11999999731779099": 0.1508062790422149,
        "0.17000000178813934": 0.16197556076979894,
        "0.2199999988079071": 0.1683801779920368,
        "0.27000001072883606": 0.17190987396920768,
        "0.3199999928474426": 0.17320840292549347,
        "0.3700000047683716": 0.1687214306205249,
        "0.41999998688697815": 0.16346748199796438,
        "0.4699999988079071": 0.15754269111607874,
        "0.5199999809265137": 0.15377422403756627,
        "0.5699999928474426": 0.1526992311730134,
        "0.6200000047683716": 0.14923802230559927,
        "0.6700000166893005": 0.14372332782123196,
        "0.7200000286102295": 0.1303773316607166
      }
    }
  },
  "metrics": {
    "1": {
      "simple": 0.5777635013567224,
      "token": 0.5354722992772181,
      "max_beta_1.00": 0.5902863739979802,
      "frame_oracle": 0.6124624876988034,
      "patch_decoder": 0.31665920913562245
    },
    "5": {
      "simple": 0.22811889570929456,
      "token": 0.27976376524200003,
      "max_beta_1.00": 0.28783730764959276,
      "frame_oracle": 0.31816473176427457,
      "patch_decoder": 0.20998457171290255
    },
    "10": {
      "simple": 0.22759881083201228,
      "token": 0.1770898613702405,
      "max_beta_1.00": 0.2276636893948262,
      "frame_oracle": 0.28158544954224507,
      "patch_decoder": 0.13531247349951223
    },
    "17": {
      "simple": 0.25460844064233423,
      "token": 0.15469235824032726,
      "max_beta_1.00": 0.20400179857166642,
      "frame_oracle": 0.2569169624554782,
      "patch_decoder": 0.14006968902232086
    }
  },
  "elapsed_seconds": 16.3360057999962
}