{
  "dataset_shape": [
    20,
    10000,
    64,
    64
  ],
  "train_sequences": 220,
  "test_sequences": 20,
  "fit_sequences": 180,
  "calibration_sequences": 40,
  "candidate_names_by_horizon": {
    "1": [
      "simple",
      "token",
      "max_beta_0.50",
      "blend_beta_0.50",
      "max_beta_0.75",
      "blend_beta_0.75",
      "max_beta_1.00"
    ],
    "5": [
      "simple",
      "token",
      "max_beta_0.50",
      "blend_beta_0.50",
      "max_beta_0.75",
      "blend_beta_0.75",
      "max_beta_1.00"
    ],
    "10": [
      "simple",
      "token",
      "max_beta_0.50",
      "blend_beta_0.50",
      "max_beta_0.75",
      "blend_beta_0.75",
      "max_beta_1.00"
    ],
    "17": [
      "simple",
      "token",
      "max_beta_0.50",
      "blend_beta_0.50",
      "max_beta_0.75",
      "blend_beta_0.75",
      "max_beta_1.00"
    ]
  },
  "pixel_counts": {
    "1": 69120,
    "5": 69120,
    "10": 69120,
    "17": 69120
  },
  "train_stats": {
    "1": {
      "n": 69120,
      "positive_rate": 0.492505787037037
    },
    "5": {
      "n": 69120,
      "positive_rate": 0.49140625
    },
    "10": {
      "n": 69120,
      "positive_rate": 0.493359375
    },
    "17": {
      "n": 69120,
      "positive_rate": 0.4935329861111111
    }
  },
  "thresholds": {
    "1": 0.5699999928474426,
    "5": 0.41999998688697815,
    "10": 0.4699999988079071,
    "17": 0.41999998688697815
  },
  "actual_mask_threshold": 0.18,
  "calibration": {
    "1": {
      "threshold": 0.5699999928474426,
      "calibration_iou": 0.41228979246068614,
      "grid": {
        "0.11999999731779099": 0.2670865701549411,
        "0.17000000178813934": 0.29362043380596947,
        "0.2199999988079071": 0.3154251385168346,
        "0.27000001072883606": 0.3332957238461965,
        "0.3199999928474426": 0.34754650287871514,
        "0.3700000047683716": 0.3589488788904021,
        "0.41999998688697815": 0.37343741806486946,
        "0.4699999988079071": 0.39059086708811447,
        "0.5199999809265137": 0.4035290948695458,
        "0.5699999928474426": 0.41228979246068614,
        "0.6200000047683716": 0.411134248490235,
        "0.6700000166893005": 0.39881258480205956,
        "0.7200000286102295": 0.38821068335334763
      }
    },
    "5": {
      "threshold": 0.41999998688697815,
      "calibration_iou": 0.24792249971054656,
      "grid": {
        "0.11999999731779099": 0.1936969117351388,
        "0.17000000178813934": 0.20907581412704346,
        "0.2199999988079071": 0.22024000004322958,
        "0.27000001072883606": 0.22953668316611306,
        "0.3199999928474426": 0.23728414751173615,
        "0.3700000047683716": 0.24369195355562923,
        "0.41999998688697815": 0.24792249971054656,
        "0.4699999988079071": 0.24713055361011146,
        "0.5199999809265137": 0.24342057157863187,
        "0.5699999928474426": 0.23294837739052632,
        "0.6200000047683716": 0.2173438018924725,
        "0.6700000166893005": 0.1930565629393112,
        "0.7200000286102295": 0.1630606957359338
      }
    },
    "10": {
      "threshold": 0.4699999988079071,
      "calibration_iou": 0.20094628225891328,
      "grid": {
        "0.11999999731779099": 0.1426657574581786,
        "0.17000000178813934": 0.15771622319831685,
        "0.2199999988079071": 0.17025017641148027,
        "0.27000001072883606": 0.18026745745312078,
        "0.3199999928474426": 0.1881084309474072,
        "0.3700000047683716": 0.19455845206723427,
        "0.41999998688697815": 0.19911664017659078,
        "0.4699999988079071": 0.20094628225891328,
        "0.5199999809265137": 0.19450831504509394,
        "0.5699999928474426": 0.18084939504867392,
        "0.6200000047683716": 0.16555920526947038,
        "0.6700000166893005": 0.14899933976698193,
        "0.7200000286102295": 0.13628870747970231
      }
    },
    "17": {
      "threshold": 0.41999998688697815,
      "calibration_iou": 0.15841883492794037,
      "grid": {
        "0.11999999731779099": 0.1200268218412304,
        "0.17000000178813934": 0.13039531837295218,
        "0.2199999988079071": 0.1394871918194341,
        "0.27000001072883606": 0.1470295813920459,
        "0.3199999928474426": 0.15252881342728916,
        "0.3700000047683716": 0.15717648025953648,
        "0.41999998688697815": 0.15841883492794037,
        "0.4699999988079071": 0.15811199487461441,
        "0.5199999809265137": 0.15339039809163296,
        "0.5699999928474426": 0.1441631266609184,
        "0.6200000047683716": 0.13142845013304588,
        "0.6700000166893005": 0.1255492958040207,
        "0.7200000286102295": 0.12786387264591959
      }
    }
  },
  "metrics": {
    "1": {
      "simple": 0.5975707354941511,
      "token": 0.5988762473837598,
      "max_beta_1.00": 0.6200719486319308,
      "frame_oracle": 0.6705279832107588,
      "patch_decoder": 0.36356492827472076
    },
    "5": {
      "simple": 0.2778806411995483,
      "token": 0.2561642681136952,
      "max_beta_1.00": 0.3053033514132308,
      "frame_oracle": 0.3356770734008943,
      "patch_decoder": 0.24588890786098871
    },
    "10": {
      "simple": 0.2167800467049527,
      "token": 0.16882572487008968,
      "max_beta_1.00": 0.22225893032665875,
      "frame_oracle": 0.2607790255001914,
      "patch_decoder": 0.1864273951527653
    },
    "17": {
      "simple": 0.1981334888690264,
      "token": 0.15456817008959273,
      "max_beta_1.00": 0.19087237653422603,
      "frame_oracle": 0.24275950334768864,
      "patch_decoder": 0.1639058066650699
    }
  },
  "elapsed_seconds": 99.7717338999937
}