{
  "title": "Phase 10b - Visual latent codec for AMF world model",
  "amf_npz": "data/phase10a_warm_amf.npz",
  "rules": {
    "encoder_decoder_no_backprop": true,
    "amf_sees_latent_not_pixels": true,
    "latent_dim_constant": 8,
    "physically_consistent_not_photorealistic": true
  },
  "data": {
    "trajectories": 180,
    "steps": 65,
    "eval_transitions_per_resolution": 900,
    "resolutions": [
      32,
      64,
      128,
      256
    ]
  },
  "invariants": {
    "permanence_identity_distance": 0.00323525071144104,
    "permanence_shift_error": 3.435296457610093e-05,
    "separability_identity_distance": 0.750003457069397,
    "continuity_mean_step": 0.10655616673038286,
    "continuity_max_step": 0.22721780836582184
  },
  "scaling_results": [
    {
      "resolution": 32,
      "latent_dim": 8,
      "latent_bytes": 32,
      "frame_bytes": 16384,
      "compression_ratio": 512.0,
      "eval_transitions": 900,
      "latent_encode_mse": 0.009299523393500143,
      "identity_mse": 0.00012009429094102112,
      "reconstruction_mse": 4.9161141048033285e-05,
      "reconstruction_iou": 0.6946966135300421,
      "predicted_latent_mse": 0.04442775798351148,
      "predicted_frame_mse": 0.00016563011687392444,
      "predicted_frame_iou": 0.6126881571131841,
      "encode_ms": 0.6322752216429863,
      "decode_ms": 0.15977455535903573,
      "amf_predict_ms": 0.6112455558549199,
      "amf_cells": 9000,
      "amf_memory_mb": 0.6866455078125,
      "raw_pixel_amf_memory_mb_est": 281.3529968261719,
      "raw_pixel_memory_multiplier": 409.75,
      "codec_metadata": "data\\phase10b_visual_codec_32.json"
    },
    {
      "resolution": 64,
      "latent_dim": 8,
      "latent_bytes": 32,
      "frame_bytes": 65536,
      "compression_ratio": 2048.0,
      "eval_transitions": 900,
      "latent_encode_mse": 0.00452765761554373,
      "identity_mse": 0.00015289027110227258,
      "reconstruction_mse": 7.212757595311813e-05,
      "reconstruction_iou": 0.6425917288041262,
      "predicted_latent_mse": 0.03822872668896404,
      "predicted_frame_mse": 0.00015708756113026664,
      "predicted_frame_iou": 0.5964313516105183,
      "encode_ms": 0.7545597776899942,
      "decode_ms": 0.2123855562725415,
      "amf_predict_ms": 0.521761999763031,
      "amf_cells": 9000,
      "amf_memory_mb": 0.6866455078125,
      "raw_pixel_amf_memory_mb_est": 1125.1029968261719,
      "raw_pixel_memory_multiplier": 1638.55,
      "codec_metadata": "data\\phase10b_visual_codec_64.json"
    },
    {
      "resolution": 128,
      "latent_dim": 8,
      "latent_bytes": 32,
      "frame_bytes": 262144,
      "compression_ratio": 8192.0,
      "eval_transitions": 900,
      "latent_encode_mse": 0.003406666180693618,
      "identity_mse": 0.00016039602302659687,
      "reconstruction_mse": 7.583202313692262e-05,
      "reconstruction_iou": 0.6465565207291856,
      "predicted_latent_mse": 0.037913040556729054,
      "predicted_frame_mse": 0.0001586450762476943,
      "predicted_frame_iou": 0.5949231639701237,
      "encode_ms": 1.8276702225234152,
      "decode_ms": 0.8835607769368734,
      "amf_predict_ms": 0.6042384445512047,
      "amf_cells": 9000,
      "amf_memory_mb": 0.6866455078125,
      "raw_pixel_amf_memory_mb_est": 4500.102996826172,
      "raw_pixel_memory_multiplier": 6553.75,
      "codec_metadata": "data\\phase10b_visual_codec_128.json"
    },
    {
      "resolution": 256,
      "latent_dim": 8,
      "latent_bytes": 32,
      "frame_bytes": 1048576,
      "compression_ratio": 32768.0,
      "eval_transitions": 900,
      "latent_encode_mse": 0.0032982330214880702,
      "identity_mse": 0.00016250995997059802,
      "reconstruction_mse": 7.69129737644124e-05,
      "reconstruction_iou": 0.6468470840411508,
      "predicted_latent_mse": 0.03639021800288093,
      "predicted_frame_mse": 0.00015802889131375902,
      "predicted_frame_iou": 0.5937264898828019,
      "encode_ms": 6.632363333095175,
      "decode_ms": 5.452876444420933,
      "amf_predict_ms": 0.8676074445571026,
      "amf_cells": 9000,
      "amf_memory_mb": 0.6866455078125,
      "raw_pixel_amf_memory_mb_est": 18000.102996826172,
      "raw_pixel_memory_multiplier": 26214.55,
      "codec_metadata": "data\\phase10b_visual_codec_256.json"
    }
  ],
  "sample_frames_npz": "data\\phase10b_sample_frames.npz"
}