{
  "probe": "phase12a_physicalai_world_probe",
  "tar_path": "data\\physicalai_hf_cache\\datasets--nvidia--PhysicalAI-WorldModel-Synthetic-Physical-Interaction-Scenes\\snapshots\\ff9b2b0a93243d84925c6c7474ee8a5bc02886cb\\physics\\objects_falling\\physics-objects_falling-00007.tar",
  "track_count": 19036,
  "sequence_count": 142,
  "fit_sequences": 85,
  "validation_sequences": 21,
  "train_sequences": 106,
  "test_sequences": 36,
  "horizons": [
    1,
    5,
    15,
    30
  ],
  "stride": 5,
  "max_cells": 12000,
  "radius": 0.75,
  "top_k": 32,
  "tie_tolerance": 0.1,
  "split_seed": 123,
  "test_metrics": {
    "h1": {
      "samples": 139200,
      "never12a_physics_mse": 0.00019367810455150902,
      "never12a_physics_mae": 0.0035472905728965998,
      "selected_candidate": "ridge_amf_0.25",
      "validation_losses": {
        "ridge": 0.0001611718034837395,
        "constant_velocity": 0.00016146495181601495,
        "cv_amf": 0.0002773223677650094,
        "ridge_amf_0.25": 0.0001604444842087105,
        "ridge_amf_0.5": 0.00018084958719555289,
        "ridge_amf_1.0": 0.0002850569726433605
      },
      "last_mse": 0.0018117936560884118,
      "constant_velocity_mse": 0.0002025362045969814,
      "ridge_mse": 0.00019739630806725472,
      "cv_amf_mse": 0.0003318267990835011,
      "ridge_amf_0.25_mse": 0.00019367810455150902,
      "ridge_amf_0.5_mse": 0.00021585274953395128,
      "ridge_amf_1.0_mse": 0.00033788083237595856,
      "mse_skill_vs_last": 0.8931014556206958,
      "mse_gain_vs_ridge": 0.01883623636202392
    },
    "h5": {
      "samples": 134560,
      "never12a_physics_mse": 0.006390037946403027,
      "never12a_physics_mae": 0.028116842731833458,
      "selected_candidate": "ridge_amf_0.5",
      "validation_losses": {
        "ridge": 0.008141785860061646,
        "constant_velocity": 0.008714388124644756,
        "cv_amf": 0.007811905816197395,
        "ridge_amf_0.25": 0.007082113064825535,
        "ridge_amf_0.5": 0.006905283313244581,
        "ridge_amf_1.0": 0.009200154803693295
      },
      "last_mse": 0.042788587510585785,
      "constant_velocity_mse": 0.010033804923295975,
      "ridge_mse": 0.008028124459087849,
      "cv_amf_mse": 0.008870766498148441,
      "ridge_amf_0.25_mse": 0.006682753097265959,
      "ridge_amf_0.5_mse": 0.006390037946403027,
      "ridge_amf_1.0_mse": 0.008962580002844334,
      "mse_skill_vs_last": 0.8506602269864096,
      "mse_gain_vs_ridge": 0.2040434874960746
    },
    "h15": {
      "samples": 125280,
      "never12a_physics_mse": 0.054260481148958206,
      "never12a_physics_mae": 0.08141390979290009,
      "selected_candidate": "cv_amf",
      "validation_losses": {
        "ridge": 0.14446350932121277,
        "constant_velocity": 0.20984964072704315,
        "cv_amf": 0.04990721866488457,
        "ridge_amf_0.25": 0.116520456969738,
        "ridge_amf_0.5": 0.10102684050798416,
        "ridge_amf_1.0": 0.10738791525363922
      },
      "last_mse": 0.3162703812122345,
      "constant_velocity_mse": 0.21487489342689514,
      "ridge_mse": 0.09575717896223068,
      "cv_amf_mse": 0.054260481148958206,
      "ridge_amf_0.25_mse": 0.06678401678800583,
      "ridge_amf_0.5_mse": 0.05094629526138306,
      "ridge_amf_1.0_mse": 0.05867724493145943,
      "mse_skill_vs_last": 0.8284364127270378,
      "mse_gain_vs_ridge": 0.43335338679557317
    },
    "h30": {
      "samples": 111360,
      "never12a_physics_mse": 0.22571220993995667,
      "never12a_physics_mae": 0.18996967375278473,
      "selected_candidate": "cv_amf",
      "validation_losses": {
        "ridge": 0.4839653968811035,
        "constant_velocity": 1.266324758529663,
        "cv_amf": 0.22184181213378906,
        "ridge_amf_0.25": 0.423123300075531,
        "ridge_amf_0.5": 0.39477941393852234,
        "ridge_amf_1.0": 0.4355863630771637
      },
      "last_mse": 0.7462295889854431,
      "constant_velocity_mse": 1.2791615724563599,
      "ridge_mse": 0.2655421197414398,
      "cv_amf_mse": 0.22571220993995667,
      "ridge_amf_0.25_mse": 0.20199522376060486,
      "ridge_amf_0.5_mse": 0.17282067239284515,
      "ridge_amf_1.0_mse": 0.2175886482000351,
      "mse_skill_vs_last": 0.6975298041359765,
      "mse_gain_vs_ridge": 0.14999469703814147
    }
  },
  "elapsed_seconds": 114.37054324150085
}