{
  "probe": "phase11a_never_definitive_codec_probe",
  "real_dataset": true,
  "download_source": "local",
  "data_path": "data\\moving_mnist\\mnist_test_seq.npy",
  "train_sequences": 80,
  "selector_sequences": 20,
  "memory_sequences": 60,
  "test_sequences": 20,
  "transition_cells": 344,
  "candidates": [
    "last",
    "pixel_linear",
    "slot_velocity",
    "amf_world"
  ],
  "config": {
    "threshold": 0.1,
    "min_pixels": 8,
    "max_slots": 4,
    "max_shift": 12,
    "radius": 0.16,
    "top_k": 16,
    "max_cells": 30000,
    "ridge": 0.001
  },
  "selector_weights": [
    0.08838112652301788,
    0.03902681544423103,
    -0.0046166623942554,
    -0.09372986108064651,
    -0.05263699218630791,
    -0.025985533371567726,
    -0.01603170484304428,
    1.5845106840133667,
    -0.49876049160957336
  ],
  "test_metrics": {
    "h1": {
      "never_definitive_mse": 0.027016981062479316,
      "never_definitive_mae": 0.03645321214571595,
      "never_definitive_iou": 0.544717168892563,
      "candidate_oracle_mse": 0.024920408404432236,
      "last_mse": 0.05174324754625559,
      "pixel_linear_mse": 0.05548857599496841,
      "slot_velocity_mse": 0.02821192154660821,
      "amf_world_mse": 0.027016981062479316,
      "mse_skill_vs_last": 0.47786460371804773,
      "oracle_gap_mse": 0.00209657265804708,
      "choice_last_rate": 0.0,
      "choice_pixel_linear_rate": 0.0,
      "choice_slot_velocity_rate": 0.0,
      "choice_amf_world_rate": 1.0
    },
    "h5": {
      "never_definitive_mse": 0.06585914865136147,
      "never_definitive_mae": 0.07792954482138156,
      "never_definitive_iou": 0.17724971267542228,
      "candidate_oracle_mse": 0.06024325061589479,
      "last_mse": 0.07788686510175466,
      "pixel_linear_mse": 0.08668602854013444,
      "slot_velocity_mse": 0.06302369758486748,
      "amf_world_mse": 0.06585914865136147,
      "mse_skill_vs_last": 0.1544254789903237,
      "oracle_gap_mse": 0.005615898035466679,
      "choice_last_rate": 0.0,
      "choice_pixel_linear_rate": 0.0,
      "choice_slot_velocity_rate": 0.0,
      "choice_amf_world_rate": 1.0
    },
    "h10": {
      "never_definitive_mse": 0.07118155770003795,
      "never_definitive_mae": 0.08326942753046751,
      "never_definitive_iou": 0.13174442261940753,
      "candidate_oracle_mse": 0.06646815128624439,
      "last_mse": 0.07808456122875214,
      "pixel_linear_mse": 0.08891872949898243,
      "slot_velocity_mse": 0.07207081876695157,
      "amf_world_mse": 0.07118155770003795,
      "mse_skill_vs_last": 0.08840420462236494,
      "oracle_gap_mse": 0.004713406413793558,
      "choice_last_rate": 0.0,
      "choice_pixel_linear_rate": 0.0,
      "choice_slot_velocity_rate": 0.0,
      "choice_amf_world_rate": 1.0
    },
    "h17": {
      "never_definitive_mse": 0.07604088261723518,
      "never_definitive_mae": 0.0881008256226778,
      "never_definitive_iou": 0.0985438775139106,
      "candidate_oracle_mse": 0.0693587228655815,
      "last_mse": 0.08014158289879561,
      "pixel_linear_mse": 0.09201604928821325,
      "slot_velocity_mse": 0.07760979197919368,
      "amf_world_mse": 0.07604088261723518,
      "mse_skill_vs_last": 0.05116819674923158,
      "oracle_gap_mse": 0.006682159751653677,
      "choice_last_rate": 0.0,
      "choice_pixel_linear_rate": 0.0,
      "choice_slot_velocity_rate": 0.0,
      "choice_amf_world_rate": 1.0
    }
  },
  "elapsed_seconds": 7.956560134887695
}