{
  "dataset_shape": [
    20,
    10000,
    64,
    64
  ],
  "train_sequences": 80,
  "test_sequences": 10,
  "epochs": 3,
  "losses": [
    1.3862292170524597,
    0.9026762816038999,
    0.8132716688242826
  ],
  "actual_dyn_decoder": {
    "1": {
      "rough": 0.8489942930959258,
      "refined": 0.5585474308106468,
      "merged": 0.5608408706733284
    },
    "5": {
      "rough": 0.7290546358182949,
      "refined": 0.5117658280297043,
      "merged": 0.5131910526024747
    },
    "10": {
      "rough": 0.5511433366211782,
      "refined": 0.38426638991879075,
      "merged": 0.3845170164852062
    },
    "17": {
      "rough": 0.33290404931572515,
      "refined": 0.29729210559185737,
      "merged": 0.2972492472387146
    }
  },
  "amf_dyn_decoder": {
    "1": {
      "rough": 0.9321439215443477,
      "refined": 0.5611509034246935,
      "merged": 0.5640207633655928
    },
    "5": {
      "rough": 0.3395417007067876,
      "refined": 0.3747213212337779,
      "merged": 0.3742960989704761
    },
    "10": {
      "rough": 0.16265686451406772,
      "refined": 0.1882150281568232,
      "merged": 0.18814880633900924
    },
    "17": {
      "rough": 0.16843017912738556,
      "refined": 0.20177030172108568,
      "merged": 0.20172770233396733
    }
  },
  "elapsed_seconds": 43.39834289999999
}