{
  "probe": "phase11a_never_definitive_codec_probe",
  "real_dataset": true,
  "download_source": "local",
  "data_path": "data\\moving_mnist\\mnist_test_seq.npy",
  "train_sequences": 650,
  "selector_sequences": 100,
  "memory_sequences": 550,
  "test_sequences": 40,
  "transition_cells": 2596,
  "candidates": [
    "last",
    "pixel_linear",
    "slot_velocity",
    "amf_world",
    "slot_amf_mean",
    "slot_amf_max",
    "slot75_amf25"
  ],
  "config": {
    "threshold": 0.1,
    "min_pixels": 8,
    "max_slots": 4,
    "max_shift": 12,
    "radius": 0.16,
    "top_k": 16,
    "max_cells": 30000,
    "ridge": 0.001,
    "policy_tie_margin": 0.0025
  },
  "selector_weights": [
    0.005673706065863371,
    0.03712388500571251,
    -0.008614324033260345,
    0.03066827543079853,
    -0.04049772396683693,
    -0.02191995270550251,
    -0.02054012566804886,
    1.1075721979141235,
    -0.19986684620380402
  ],
  "selector_strategy": "horizon_policy",
  "horizon_policy": {
    "h1": "slot_amf_mean",
    "h5": "slot_amf_mean",
    "h10": "slot_amf_mean",
    "h17": "slot_amf_mean"
  },
  "horizon_policy_validation_mse": {
    "h1": {
      "last": 0.04728613534942269,
      "pixel_linear": 0.05096735574305058,
      "slot_velocity": 0.025224386239588056,
      "amf_world": 0.024677441786043346,
      "slot_amf_mean": 0.024074788629077373,
      "slot_amf_max": 0.025580452387221158,
      "slot75_amf25": 0.02443055599462241
    },
    "h5": {
      "last": 0.07379783179610967,
      "pixel_linear": 0.08277068078517914,
      "slot_velocity": 0.05754337562248111,
      "amf_world": 0.059712597876787184,
      "slot_amf_mean": 0.053074356224387886,
      "slot_amf_max": 0.06713993876241148,
      "slot75_amf25": 0.053920458247885106
    },
    "h10": {
      "last": 0.07733016051352024,
      "pixel_linear": 0.08810483958572149,
      "slot_velocity": 0.06414931576699018,
      "amf_world": 0.0666663491167128,
      "slot_amf_mean": 0.05294679994694888,
      "slot_amf_max": 0.08232611335814,
      "slot75_amf25": 0.05543280035257339
    },
    "h17": {
      "last": 0.07712827444076538,
      "pixel_linear": 0.08836393810808658,
      "slot_velocity": 0.07109505070373416,
      "amf_world": 0.07198344493284821,
      "slot_amf_mean": 0.056309487242251634,
      "slot_amf_max": 0.09419984269887209,
      "slot75_amf25": 0.05989482846111059
    }
  },
  "knn_selector_examples": 2800,
  "ridge_test_metrics": {
    "h1": {
      "never_definitive_mse": 0.02296921947449846,
      "never_definitive_mae": 0.03324816579333856,
      "never_definitive_iou": 0.5652461879123399,
      "candidate_oracle_mse": 0.022328014498953053,
      "last_mse": 0.04756874749436975,
      "pixel_linear_mse": 0.05134483929723501,
      "slot_velocity_mse": 0.02334266597349597,
      "amf_world_mse": 0.023574468460310527,
      "slot_amf_mean_mse": 0.022883371137459106,
      "slot_amf_max_mse": 0.023943897396702597,
      "slot75_amf25_mse": 0.02296921947449846,
      "mse_skill_vs_last": 0.5171363408881618,
      "oracle_gap_mse": 0.0006412049755454077,
      "choice_last_rate": 0.0,
      "choice_pixel_linear_rate": 0.0,
      "choice_slot_velocity_rate": 0.0,
      "choice_amf_world_rate": 0.0,
      "choice_slot_amf_mean_rate": 0.0,
      "choice_slot_amf_max_rate": 0.0,
      "choice_slot75_amf25_rate": 1.0
    },
    "h5": {
      "never_definitive_mse": 0.050699694314971566,
      "never_definitive_mae": 0.06488144295290113,
      "never_definitive_iou": 0.24013274386511752,
      "candidate_oracle_mse": 0.048240924207493666,
      "last_mse": 0.07015796364285051,
      "pixel_linear_mse": 0.07963027181103825,
      "slot_velocity_mse": 0.05419109323993325,
      "amf_world_mse": 0.0538573709782213,
      "slot_amf_mean_mse": 0.04948027334176004,
      "slot_amf_max_mse": 0.061017698934301735,
      "slot75_amf25_mse": 0.050699694314971566,
      "mse_skill_vs_last": 0.277349402940686,
      "oracle_gap_mse": 0.0024587701074779006,
      "choice_last_rate": 0.0,
      "choice_pixel_linear_rate": 0.0,
      "choice_slot_velocity_rate": 0.0,
      "choice_amf_world_rate": 0.0,
      "choice_slot_amf_mean_rate": 0.0,
      "choice_slot_amf_max_rate": 0.0,
      "choice_slot75_amf25_rate": 1.0
    },
    "h10": {
      "never_definitive_mse": 0.05411438276059925,
      "never_definitive_mae": 0.07411398515105247,
      "never_definitive_iou": 0.16264571483375054,
      "candidate_oracle_mse": 0.050483668129891156,
      "last_mse": 0.07159858727827668,
      "pixel_linear_mse": 0.08268520692363382,
      "slot_velocity_mse": 0.06294566001743078,
      "amf_world_mse": 0.06442402359098195,
      "slot_amf_mean_mse": 0.05141701786778867,
      "slot_amf_max_mse": 0.08132541989907623,
      "slot75_amf25_mse": 0.05411438276059925,
      "mse_skill_vs_last": 0.24419761872846635,
      "oracle_gap_mse": 0.003630714630708097,
      "choice_last_rate": 0.0,
      "choice_pixel_linear_rate": 0.0,
      "choice_slot_velocity_rate": 0.0,
      "choice_amf_world_rate": 0.0,
      "choice_slot_amf_mean_rate": 0.0,
      "choice_slot_amf_max_rate": 0.0,
      "choice_slot75_amf25_rate": 1.0
    },
    "h17": {
      "never_definitive_mse": 0.05739323729649186,
      "never_definitive_mae": 0.07968643074855208,
      "never_definitive_iou": 0.1228150033533788,
      "candidate_oracle_mse": 0.0536165552213788,
      "last_mse": 0.07382055800408124,
      "pixel_linear_mse": 0.08581404909491538,
      "slot_velocity_mse": 0.06814029524102808,
      "amf_world_mse": 0.06938455700874328,
      "slot_amf_mean_mse": 0.054018261516466735,
      "slot_amf_max_mse": 0.091198368370533,
      "slot75_amf25_mse": 0.05739323729649186,
      "mse_skill_vs_last": 0.22253043260227298,
      "oracle_gap_mse": 0.003776682075113058,
      "choice_last_rate": 0.0,
      "choice_pixel_linear_rate": 0.0,
      "choice_slot_velocity_rate": 0.0,
      "choice_amf_world_rate": 0.0,
      "choice_slot_amf_mean_rate": 0.0,
      "choice_slot_amf_max_rate": 0.0,
      "choice_slot75_amf25_rate": 1.0
    }
  },
  "knn_test_metrics": {
    "h1": {
      "never_definitive_mse": 0.022883371137459106,
      "never_definitive_mae": 0.033282267566391965,
      "never_definitive_iou": 0.5649504354044195,
      "candidate_oracle_mse": 0.022328014498953053,
      "last_mse": 0.04756874749436975,
      "pixel_linear_mse": 0.05134483929723501,
      "slot_velocity_mse": 0.02334266597349597,
      "amf_world_mse": 0.023574468460310527,
      "slot_amf_mean_mse": 0.022883371137459106,
      "slot_amf_max_mse": 0.023943897396702597,
      "slot75_amf25_mse": 0.02296921947449846,
      "mse_skill_vs_last": 0.5189410622979386,
      "oracle_gap_mse": 0.0005553566385060535,
      "choice_last_rate": 0.0,
      "choice_pixel_linear_rate": 0.0,
      "choice_slot_velocity_rate": 0.0,
      "choice_amf_world_rate": 0.075,
      "choice_slot_amf_mean_rate": 0.925,
      "choice_slot_amf_max_rate": 0.0,
      "choice_slot75_amf25_rate": 0.0
    },
    "h5": {
      "never_definitive_mse": 0.04946104609407485,
      "never_definitive_mae": 0.06458688220009208,
      "never_definitive_iou": 0.24217859071503373,
      "candidate_oracle_mse": 0.048240924207493666,
      "last_mse": 0.07015796364285051,
      "pixel_linear_mse": 0.07963027181103825,
      "slot_velocity_mse": 0.05419109323993325,
      "amf_world_mse": 0.0538573709782213,
      "slot_amf_mean_mse": 0.04948027334176004,
      "slot_amf_max_mse": 0.061017698934301735,
      "slot75_amf25_mse": 0.050699694314971566,
      "mse_skill_vs_last": 0.2950045365360999,
      "oracle_gap_mse": 0.001220121886581181,
      "choice_last_rate": 0.0,
      "choice_pixel_linear_rate": 0.0,
      "choice_slot_velocity_rate": 0.0,
      "choice_amf_world_rate": 0.0,
      "choice_slot_amf_mean_rate": 0.95,
      "choice_slot_amf_max_rate": 0.0,
      "choice_slot75_amf25_rate": 0.05
    },
    "h10": {
      "never_definitive_mse": 0.05141701786778867,