{
  "dataset_shape": [
    20,
    10000,
    64,
    64
  ],
  "train_sequences": 220,
  "test_sequences": 20,
  "patch_size": 11,
  "stride": 4,
  "search_radius": 5,
  "temperature": 0.02,
  "metrics": {
    "1": {
      "simple": 0.5975707354941511,
      "token": 0.5988762473837598,
      "max_beta_1.00": 0.6200719486319308,
      "frame_oracle": 0.6807371088644248,
      "patch_attention": 0.5578239629641207
    },
    "5": {
      "simple": 0.2778806411995483,
      "token": 0.2561642681136952,
      "max_beta_1.00": 0.3053033514132308,
      "frame_oracle": 0.411751143514912,
      "patch_attention": 0.2282580013029666
    },
    "10": {
      "simple": 0.2167800467049527,
      "token": 0.16882572487008968,
      "max_beta_1.00": 0.22225893032665875,
      "frame_oracle": 0.29545176058127903,
      "patch_attention": 0.07375053345727305
    },
    "17": {
      "simple": 0.1981334888690264,
      "token": 0.15456817008959273,
      "max_beta_1.00": 0.19087237653422603,
      "frame_oracle": 0.2739547671460288,
      "patch_attention": 0.037578134774679736
    }
  },
  "elapsed_seconds": 148.1548284000164
}