{
  "probe": "phase11a_never_definitive_codec_probe",
  "real_dataset": true,
  "download_source": "local",
  "data_path": "data\\moving_mnist\\mnist_test_seq.npy",
  "train_sequences": 220,
  "selector_sequences": 60,
  "memory_sequences": 160,
  "test_sequences": 40,
  "transition_cells": 864,
  "candidates": [
    "last",
    "pixel_linear",
    "slot_velocity",
    "amf_world",
    "slot_amf_mean",
    "slot_amf_max",
    "slot75_amf25"
  ],
  "config": {
    "threshold": 0.1,
    "min_pixels": 8,
    "max_slots": 4,
    "max_shift": 12,
    "radius": 0.16,
    "top_k": 16,
    "max_cells": 30000,
    "ridge": 0.001,
    "policy_tie_margin": 0.0025
  },
  "selector_weights": [
    0.05680898204445839,
    0.036436621099710464,
    -0.010380747728049755,
    -0.03712380304932594,
    -0.07749605923891068,
    0.021341130137443542,
    -0.022074317559599876,
    1.1105560064315796,
    -0.20264169573783875
  ],
  "selector_strategy": "horizon_policy",
  "horizon_policy": {
    "h1": "slot_amf_mean",
    "h5": "slot_amf_mean",
    "h10": "slot_amf_mean",
    "h17": "slot_amf_mean"
  },
  "horizon_policy_validation_mse": {
    "h1": {
      "last": 0.047051838226616384,
      "pixel_linear": 0.050921070761978625,
      "slot_velocity": 0.02490678576286882,
      "amf_world": 0.022969569180471203,
      "slot_amf_mean": 0.02252290049412598,
      "slot_amf_max": 0.024643141644385955,
      "slot75_amf25": 0.023361023740532498
    },
    "h5": {
      "last": 0.0734289314597845,
      "pixel_linear": 0.08286487242827813,
      "slot_velocity": 0.056308877235278484,
      "amf_world": 0.05797133101150394,
      "slot_amf_mean": 0.05210057656901578,
      "slot_amf_max": 0.06480957657719652,
      "slot75_amf25": 0.05294484565965831
    },
    "h10": {
      "last": 0.0780527067060272,
      "pixel_linear": 0.08931516371667385,
      "slot_velocity": 0.06213192573438088,
      "amf_world": 0.06468276403223475,
      "slot_amf_mean": 0.051859550488491855,
      "slot_amf_max": 0.0788836058229208,
      "slot75_amf25": 0.05410878950109085
    },
    "h17": {
      "last": 0.07704668392737707,
      "pixel_linear": 0.08874577482541403,
      "slot_velocity": 0.06968192116667828,
      "amf_world": 0.06962854166825612,
      "slot_amf_mean": 0.05470405279969175,
      "slot_amf_max": 0.091360829398036,
      "slot75_amf25": 0.05845519239082932
    }
  },
  "knn_selector_examples": 1680,
  "ridge_test_metrics": {
    "h1": {
      "never_definitive_mse": 0.02521675320749637,
      "never_definitive_mae": 0.03448732888209634,
      "never_definitive_iou": 0.5601843530824484,
      "candidate_oracle_mse": 0.023576562985135753,
      "last_mse": 0.046393733378499745,
      "pixel_linear_mse": 0.04994872221723199,
      "slot_velocity_mse": 0.02661233092035218,
      "amf_world_mse": 0.025216601602733136,
      "slot_amf_mean_mse": 0.0245189387263963,
      "slot_amf_max_mse": 0.027045990066835657,
      "slot75_amf25_mse": 0.02521675320749637,
      "mse_skill_vs_last": 0.45646208289021695,
      "oracle_gap_mse": 0.0016401902223606157,
      "choice_last_rate": 0.0,
      "choice_pixel_linear_rate": 0.0,
      "choice_slot_velocity_rate": 0.0,
      "choice_amf_world_rate": 0.0,
      "choice_slot_amf_mean_rate": 0.0,
      "choice_slot_amf_max_rate": 0.0,
      "choice_slot75_amf25_rate": 1.0
    },
    "h5": {
      "never_definitive_mse": 0.05293676365399733,
      "never_definitive_mae": 0.06811538417823612,
      "never_definitive_iou": 0.2445442943615216,
      "candidate_oracle_mse": 0.050786790205165744,
      "last_mse": 0.07181858830153942,
      "pixel_linear_mse": 0.08051069295033812,
      "slot_velocity_mse": 0.057021901849657296,
      "amf_world_mse": 0.05824410445056856,
      "slot_amf_mean_mse": 0.0517787522287108,
      "slot_amf_max_mse": 0.06589526532916352,
      "slot75_amf25_mse": 0.05293676365399733,
      "mse_skill_vs_last": 0.2629099943912064,
      "oracle_gap_mse": 0.0021499734488315894,
      "choice_last_rate": 0.0,
      "choice_pixel_linear_rate": 0.0,
      "choice_slot_velocity_rate": 0.0,
      "choice_amf_world_rate": 0.0,
      "choice_slot_amf_mean_rate": 0.0,
      "choice_slot_amf_max_rate": 0.0,
      "choice_slot75_amf25_rate": 1.0
    },
    "h10": {
      "never_definitive_mse": 0.056517168506979944,
      "never_definitive_mae": 0.07617886438965797,
      "never_definitive_iou": 0.1686206722689585,
      "candidate_oracle_mse": 0.05410356866195798,
      "last_mse": 0.07821025056764483,
      "pixel_linear_mse": 0.08840706618502736,
      "slot_velocity_mse": 0.06455665715038776,
      "amf_world_mse": 0.06808643387630582,
      "slot_amf_mean_mse": 0.05442563481628895,
      "slot_amf_max_mse": 0.08284088550135493,
      "slot75_amf25_mse": 0.056517168506979944,
      "mse_skill_vs_last": 0.27736878354458566,
      "oracle_gap_mse": 0.0024135998450219645,
      "choice_last_rate": 0.0,
      "choice_pixel_linear_rate": 0.0,
      "choice_slot_velocity_rate": 0.0,
      "choice_amf_world_rate": 0.0,
      "choice_slot_amf_mean_rate": 0.0,
      "choice_slot_amf_max_rate": 0.0,
      "choice_slot75_amf25_rate": 1.0
    },
    "h17": {
      "never_definitive_mse": 0.057700810069218275,
      "never_definitive_mae": 0.07951988829299808,
      "never_definitive_iou": 0.14763160357413346,
      "candidate_oracle_mse": 0.05399305433966219,
      "last_mse": 0.07582663036882878,
      "pixel_linear_mse": 0.08631080165505409,
      "slot_velocity_mse": 0.06841279845684767,
      "amf_world_mse": 0.06939548067748547,
      "slot_amf_mean_mse": 0.054293927177786826,
      "slot_amf_max_mse": 0.08940828368067741,
      "slot75_amf25_mse": 0.057700810069218275,
      "mse_skill_vs_last": 0.23904293533082757,
      "oracle_gap_mse": 0.0037077557295560823,
      "choice_last_rate": 0.0,
      "choice_pixel_linear_rate": 0.0,
      "choice_slot_velocity_rate": 0.0,
      "choice_amf_world_rate": 0.0,
      "choice_slot_amf_mean_rate": 0.0,
      "choice_slot_amf_max_rate": 0.0,
      "choice_slot75_amf25_rate": 1.0
    }
  },
  "knn_test_metrics": {
    "h1": {
      "never_definitive_mse": 0.024667263263836503,
      "never_definitive_mae": 0.033601217740215364,
      "never_definitive_iou": 0.5678987073732862,
      "candidate_oracle_mse": 0.023576562985135753,
      "last_mse": 0.046393733378499745,
      "pixel_linear_mse": 0.04994872221723199,
      "slot_velocity_mse": 0.02661233092035218,
      "amf_world_mse": 0.025216601602733136,
      "slot_amf_mean_mse": 0.0245189387263963,
      "slot_amf_max_mse": 0.027045990066835657,
      "slot75_amf25_mse": 0.02521675320749637,
      "mse_skill_vs_last": 0.46830613818917066,
      "oracle_gap_mse": 0.00109070027870075,
      "choice_last_rate": 0.0,
      "choice_pixel_linear_rate": 0.0,
      "choice_slot_velocity_rate": 0.0,
      "choice_amf_world_rate": 0.375,
      "choice_slot_amf_mean_rate": 0.625,
      "choice_slot_amf_max_rate": 0.0,
      "choice_slot75_amf25_rate": 0.0
    },
    "h5": {
      "never_definitive_mse": 0.05180059844860807,
      "never_definitive_mae": 0.0682757813250646,
      "never_definitive_iou": 0.24585510878834058,
      "candidate_oracle_mse": 0.050786790205165744,
      "last_mse": 0.07181858830153942,
      "pixel_linear_mse": 0.08051069295033812,
      "slot_velocity_mse": 0.057021901849657296,
      "amf_world_mse": 0.05824410445056856,
      "slot_amf_mean_mse": 0.0517787522287108,
      "slot_amf_max_mse": 0.06589526532916352,
      "slot75_amf25_mse": 0.05293676365399733,
      "mse_skill_vs_last": 0.2787299266992452,
      "oracle_gap_mse": 0.0010138082434423268,
      "choice_last_rate": 0.0,
      "choice_pixel_linear_rate": 0.0,
      "choice_slot_velocity_rate": 0.0,
      "choice_amf_world_rate": 0.0,
      "choice_slot_amf_mean_rate": 0.975,
      "choice_slot_amf_max_rate": 0.0,
      "choice_slot75_amf25_rate": 0.025
    },
    "h10": {
      "never_definitive_mse": 0.05442563481628895,