{
  "dataset_shape": [
    20,
    10000,
    64,
    64
  ],
  "train_sequences": 220,
  "test_sequences": 20,
  "epochs": 3,
  "losses": [
    0.9955794791043815,
    0.7825794502840204,
    0.7523339845366397
  ],
  "actual_dyn_decoder": {
    "1": {
      "rough": 0.8114349027508416,
      "refined": 0.5071237910349707
    },
    "5": {
      "rough": 0.6335486879614001,
      "refined": 0.41348416337357835
    },
    "10": {
      "rough": 0.5608044527900895,
      "refined": 0.3340269552508594
    },
    "17": {
      "rough": 0.4503894200350757,
      "refined": 0.3033565880527835
    }
  },
  "amf_dyn_decoder": {
    "1": {
      "rough": 0.8827713622210591,
      "refined": 0.5111075887976467
    },
    "5": {
      "rough": 0.33469977698574577,
      "refined": 0.346578211469599
    },
    "10": {
      "rough": 0.17517722967972155,
      "refined": 0.1950004769373943
    },
    "17": {
      "rough": 0.14585662634316848,
      "refined": 0.19097296972922492
    }
  },
  "elapsed_seconds": 130.96369910000067
}