{
  "probe": "phase12b_encoder_selector_probe",
  "tar_path": "data\\physicalai_hf_cache\\datasets--nvidia--PhysicalAI-WorldModel-Synthetic-Physical-Interaction-Scenes\\snapshots\\ff9b2b0a93243d84925c6c7474ee8a5bc02886cb\\physics\\dominoes\\physics-dominoes-00000.tar",
  "track_count": 138720,
  "sequence_count": 1000,
  "fit_sequences": 600,
  "validation_sequences": 150,
  "train_sequences": 750,
  "test_sequences": 250,
  "horizons": [
    1,
    5,
    15,
    30
  ],
  "encoders": [
    "base",
    "identity",
    "orientation"
  ],
  "stride": 10,
  "max_cells": 20000,
  "radius": 0.75,
  "top_k": 32,
  "tie_tolerance": 0.1,
  "split_seed": 123,
  "test_metrics": {
    "h1": {
      "samples": 537780,
      "selected_encoder": "orientation",
      "selected_candidate": "ridge",
      "never12b_selector_mse": 9.446257820400206e-08,
      "never12b_selector_mae": 8.700510079506785e-05,
      "ridge_mse": 9.446257820400206e-08,
      "last_mse": 0.000125421371194534,
      "mse_gain_vs_ridge": 0.0,
      "mse_skill_vs_last": 0.9992468382596656,
      "validation_records": {
        "base": {
          "selected_candidate": "ridge",
          "validation_losses": {
            "ridge": 9.421739832760068e-08,
            "constant_velocity": 1.1647613717968852e-07,
            "cv_amf": 4.259301249476266e-07,
            "ridge_amf_0.25": 1.0922001791868752e-07,
            "ridge_amf_0.5": 1.6765872601354204e-07,
            "ridge_amf_1.0": 4.148442087625881e-07
          }
        },
        "identity": {
          "selected_candidate": "ridge",
          "validation_losses": {
            "ridge": 9.41226758754965e-08,
            "constant_velocity": 1.1647613717968852e-07,
            "cv_amf": 4.0666728295946086e-07,
            "ridge_amf_0.25": 1.07786348735317e-07,
            "ridge_amf_0.5": 1.615141513866547e-07,
            "ridge_amf_1.0": 3.891622384344373e-07
          }
        },
        "orientation": {
          "selected_candidate": "ridge",
          "validation_losses": {
            "ridge": 9.403328959933788e-08,
            "constant_velocity": 1.1647613717968852e-07,
            "cv_amf": 4.485647480123589e-07,
            "ridge_amf_0.25": 1.1181899139955931e-07,
            "ridge_amf_0.5": 1.75024922555167e-07,
            "ridge_amf_1.0": 4.376974800379685e-07
          }
        }
      }
    },
    "h5": {
      "samples": 537780,
      "selected_encoder": "orientation",
      "selected_candidate": "ridge",
      "never12b_selector_mse": 1.087172859115526e-05,
      "never12b_selector_mae": 0.0009307035943493247,
      "ridge_mse": 1.087172859115526e-05,
      "last_mse": 0.003394871484488249,
      "mse_gain_vs_ridge": 0.0,
      "mse_skill_vs_last": 0.9967976023125382,
      "validation_records": {
        "base": {
          "selected_candidate": "ridge",
          "validation_losses": {
            "ridge": 1.1445244126662146e-05,
            "constant_velocity": 2.3756849259370938e-05,
            "cv_amf": 3.745593494386412e-05,
            "ridge_amf_0.25": 1.1556172466953285e-05,
            "ridge_amf_0.5": 1.3943016710982192e-05,
            "ridge_amf_1.0": 2.5544444724800996e-05
          }
        },
        "identity": {
          "selected_candidate": "ridge",
          "validation_losses": {
            "ridge": 1.1378760973457247e-05,
            "constant_velocity": 2.3756849259370938e-05,
            "cv_amf": 4.029077899758704e-05,
            "ridge_amf_0.25": 1.1771367098845076e-05,
            "ridge_amf_0.5": 1.4877456123940647e-05,
            "ridge_amf_1.0": 2.923008651123382e-05
          }
        },
        "orientation": {
          "selected_candidate": "ridge",
          "validation_losses": {
            "ridge": 1.1352347428328358e-05,
            "constant_velocity": 2.3756849259370938e-05,
            "cv_amf": 3.936680150218308e-05,
            "ridge_amf_0.25": 1.1988362530246377e-05,
            "ridge_amf_0.5": 1.494373100285884e-05,
            "ridge_amf_1.0": 2.7812533517135307e-05
          }
        }
      }
    },
    "h15": {
      "samples": 501928,
      "selected_encoder": "orientation",
      "selected_candidate": "ridge_amf_1.0",
      "never12b_selector_mse": 0.0003354366635903716,
      "never12b_selector_mae": 0.004126325715333223,
      "ridge_mse": 0.0003853867237921804,
      "last_mse": 0.026507023721933365,
      "mse_gain_vs_ridge": 0.12961022556849766,
      "mse_skill_vs_last": 0.9873453667560265,
      "validation_records": {
        "base": {
          "selected_candidate": "ridge_amf_0.5",
          "validation_losses": {
            "ridge": 0.00042081665014848113,
            "constant_velocity": 0.0012582659255713224,
            "cv_amf": 0.0012847790494561195,
            "ridge_amf_0.25": 0.00039291265420615673,
            "ridge_amf_0.5": 0.000383123813662678,
            "ridge_amf_1.0": 0.000417891627876088
          }
        },
        "identity": {
          "selected_candidate": "ridge_amf_0.5",
          "validation_losses": {
            "ridge": 0.0004160547978244722,
            "constant_velocity": 0.0012582659255713224,
            "cv_amf": 0.001284796861000359,
            "ridge_amf_0.25": 0.00038843933725729585,
            "ridge_amf_0.5": 0.00037852925015613437,
            "ridge_amf_1.0": 0.0004118253127671778
          }
        },
        "orientation": {
          "selected_candidate": "ridge_amf_1.0",
          "validation_losses": {
            "ridge": 0.0004146561259403825,
            "constant_velocity": 0.0012582659255713224,
            "cv_amf": 0.0012374600628390908,
            "ridge_amf_0.25": 0.0003937662986572832,
            "ridge_amf_0.5": 0.00037876926944591105,
            "ridge_amf_1.0": 0.0003664538380689919
          }
        }
      }
    },
    "h30": {
      "samples": 430224,
      "selected_encoder": "orientation",
      "selected_candidate": "ridge_amf_1.0",
      "never12b_selector_mse": 0.004838625900447369,
      "never12b_selector_mae": 0.011646464467048645,
      "ridge_mse": 0.005585883278399706,
      "last_mse": 0.06894493103027344,
      "mse_gain_vs_ridge": 0.1337760459195306,
      "mse_skill_vs_last": 0.9298189754033875,
      "validation_records": {
        "base": {
          "selected_candidate": "ridge_amf_0.5",
          "validation_losses": {
            "ridge": 0.006126938387751579,
            "constant_velocity": 0.015799514949321747,
            "cv_amf": 0.015665633603930473,
            "ridge_amf_0.25": 0.005663169082254171,
            "ridge_amf_0.5": 0.005403110757470131,
            "ridge_amf_1.0": 0.0054941242560744286
          }
        },
        "identity": {
          "selected_candidate": "ridge_amf_0.5",
          "validation_losses": {
            "ridge": 0.00606406107544899,
            "constant_velocity": 0.015799514949321747,
            "cv_amf": 0.01567617803812027,
            "ridge_amf_0.25": 0.00560268247500062,
            "ridge_amf_0.5": 0.005342093296349049,
            "ridge_amf_1.0": 0.005423286929726601
          }
        },
        "orientation": {
          "selected_candidate": "ridge_amf_1.0",
          "validation_losses": {
            "ridge": 0.006038706284016371,
            "constant_velocity": 0.015799514949321747,
            "cv_amf": 0.015575401484966278,
            "ridge_amf_0.25": 0.005734357051551342,
            "ridge_amf_0.5": 0.0055121467448771,
            "ridge_amf_1.0": 0.0053141419775784016
          }
        }
      }
    }
  },
  "elapsed_seconds": 1359.400716304779
}